<?xml version="1.0" encoding="UTF-8" standalone="yes"?>
<addon id="repository.elvisus" name="SUPERKODI REPO" version="1.0" provider-name="elvisus">
    <extension point="xbmc.addon.repository" name="SUPERKODI REPO">
        <dir>
            <info compressed="false">https://raw.githubusercontent.com/elvisus/repository.elvisus/master/zips/addons.xml</info>
            <checksum>https://raw.githubusercontent.com/elvisus/repository.elvisus/master/zips/addons.xml.md5</checksum>
            <datadir zip="true">https://raw.githubusercontent.com/elvisus/repository.elvisus/master/zips/</datadir>
        </dir>
    </extension>
    <extension point="xbmc.addon.metadata">
        <summary>SUPERKODI REPO</summary>
        <description>The best repo for kodi (skin, movies, TV shows, etc...)</description>
        <disclaimer></disclaimer>
        <platform>all</platform>
        <assets>
            <icon>icon.png</icon>
            <fanart>fanart.jpg</fanart>
        </assets>
    </extension>
</addon>