<settings>
    <setting id="skinhelper.enablemusicart" type="bool">true</setting>
    <setting id="homeicons" type="bool">false</setting>
    <setting id="usetracknamingtemplate" type="bool">false</setting>
    <setting id="homemultihorizontal" type="bool">false</setting>
    <setting id="musicvis.fanartfallback" type="bool">false</setting>
    <setting id="global.showvisualisation" type="bool">false</setting>
    <setting id="skinhelper.enableanimatedposters" type="bool">false</setting>
    <setting id="hideosddiffusecolors" type="bool">false</setting>
    <setting id="debuginfo" type="bool">false</setting>
    <setting id="artistslideshow.disabled" type="bool">false</setting>
    <setting id="enhancedaddonlabels" type="bool">false</setting>
    <setting id="disablecodecs" type="bool">false</setting>
    <setting id="disableheader" type="bool">false</setting>
    <setting id="hideosdscrollingtext" type="bool">false</setting>
    <setting id="osdvisualisation.showfanart" type="bool">false</setting>
    <setting id="tmdbhelper.enableblur" type="bool">false</setting>
    <setting id="artistslideshow.animate" type="bool">false</setting>
    <setting id="pvrguide.info" type="bool">false</setting>
    <setting id="numericstarrating" type="bool">false</setting>
    <setting id="disablemusicosdartistimage" type="bool">false</setting>
    <setting id="musicosdsquareartist" type="bool">false</setting>
    <setting id="showosdclearart" type="bool">false</setting>
    <setting id="tmdbhelper.disableratings" type="bool">false</setting>
    <setting id="dontpauseosd" type="bool">false</setting>
    <setting id="nofanart" type="bool">false</setting>
    <setting id="bigmusicvis" type="bool">false</setting>
    <setting id="disableautoscrollwidgets" type="bool">false</setting>
    <setting id="tmdbhelper.forcewidgetcontainer" type="bool">false</setting>
    <setting id="enableblur" type="bool">false</setting>
    <setting id="showinfopaused" type="bool">false</setting>
    <setting id="disablegeometric" type="bool">false</setting>
    <setting id="kioskmode" type="bool">false</setting>
    <setting id="disableosdinfo" type="bool">false</setting>
    <setting id="pvrguide.colordiffuse" type="bool">false</setting>
    <setting id="disablecenter" type="bool">false</setting>
    <setting id="minimalbusyloader" type="bool">false</setting>
    <setting id="useaurashowcase" type="bool">false</setting>
    <setting id="faunefonts" type="bool">false</setting>
    <setting id="onlyblurinfo" type="bool">false</setting>
    <setting id="disablewatchedoverlay" type="bool">false</setting>
    <setting id="fixedwidgets" type="bool">false</setting>
    <setting id="tmdbhelper.enablecolors" type="bool">false</setting>
    <setting id="posterblur" type="bool">false</setting>
    <setting id="disableclock" type="bool">false</setting>
    <setting id="startup.init" type="bool">true</setting>
    <setting id="osdsubtitlesettings" type="bool">false</setting>
    <setting id="pvrguide.startend" type="bool">false</setting>
    <setting id="normallyrics" type="bool">false</setting>
    <setting id="tags.disablecodecs" type="bool">false</setting>
    <setting id="pvrguide.disableslimmode" type="bool">false</setting>
    <setting id="tmdbhelper.disableartwork" type="bool">false</setting>
    <setting id="autoplotoverlay" type="bool">false</setting>
    <setting id="global.showvideo" type="bool">false</setting>
    <setting id="enablelanguages" type="bool">false</setting>
    <setting id="pvrguide.channelnumber" type="bool">false</setting>
    <setting id="ratings.top250" type="bool">false</setting>
    <setting id="automusicvis" type="bool">false</setting>
    <setting id="tmdbhelper.enabledesaturate" type="bool">false</setting>
    <setting id="disableshadows" type="bool">false</setting>
    <setting id="disablemusicvideoautoinfo" type="bool">false</setting>
    <setting id="SkinShortcuts-FullMenu" type="bool">true</setting>
    <setting id="tmdbhelper.disableextendedproperties" type="bool">false</setting>
    <setting id="ratings.metacritic" type="bool">false</setting>
    <setting id="flipside" type="bool">false</setting>
    <setting id="ratings.imdb" type="bool">false</setting>
    <setting id="skinhelper.enablepvrthumbs" type="bool">true</setting>
    <setting id="enableclearlogo" type="bool">false</setting>
    <setting id="tags.disablelanguages" type="bool">false</setting>
    <setting id="skininit" type="bool">true</setting>
    <setting id="disablemusicosdclearlogo" type="bool">false</setting>
    <setting id="landscapeart" type="bool">false</setting>
    <setting id="disablenowplaying" type="bool">false</setting>
    <setting id="updateart.enabled" type="bool">false</setting>
    <setting id="tags.disablecountries" type="bool">false</setting>
    <setting id="SubmenuOnly" type="bool">true</setting>
    <setting id="homemulti" type="bool">true</setting>
    <setting id="skinhelper.enableextrafanart" type="bool">false</setting>
    <setting id="kenburnseffect" type="bool">false</setting>
    <setting id="ratings.rottentomatoesaudience" type="bool">false</setting>
    <setting id="ratings.rottentomatoes" type="bool">false</setting>
    <setting id="ratings.user" type="bool">false</setting>
    <setting id="ratings.oscars" type="bool">false</setting>
    <setting id="tags.disablestudios" type="bool">false</setting>
    <setting id="hometextautowidth" type="bool">false</setting>
    <setting id="disablestarrating" type="bool">false</setting>
    <setting id="ratings.themoviedb" type="bool">false</setting>
    <setting id="themeswitcher" type="bool">false</setting>
    <setting id="plotoutline" type="bool">false</setting>
    <setting id="ratings.tvdb" type="bool">false</setting>
    <setting id="TMDbHelper.Service" type="bool">true</setting>
    <setting id="cornericon" type="string"></setting>
    <setting id="colorbox_blend" type="string">100</setting>
    <setting id="skin.forcedview.genres" type="string"></setting>
    <setting id="skin.forcedview.years" type="string"></setting>
    <setting id="skin.forcedview.countries" type="string"></setting>
    <setting id="colorbox_bitsize" type="string">1</setting>
    <setting id="skinshortcuts-sharedmenu" type="string">true</setting>
    <setting id="colorbox_effect" type="string">blur</setting>
    <setting id="TMDbHelper.AutoUpdate.LastTime" type="string"></setting>
    <setting id="startupplaylist" type="string"></setting>
    <setting id="skin.forcedview.studios" type="string"></setting>
    <setting id="skin.forcedview.files" type="string"></setting>
    <setting id="SkinHelper.AutoCloseMusicOSD" type="string"></setting>
    <setting id="skin.forcedview.albums" type="string"></setting>
    <setting id="skin.forcedview.songs" type="string"></setting>
    <setting id="colorbox_blursize" type="string">30</setting>
    <setting id="colorbox_pixelsize" type="string">12</setting>
    <setting id="skin.forcedview.unknown" type="string"></setting>
    <setting id="focuscolor.name" type="string"></setting>
    <setting id="colorbox_comp" type="string">main:hls*0.75;0;0@fhls*-;0.45;0.9</setting>
    <setting id="skin.forcedview.musicvideos" type="string"></setting>
    <setting id="skin.forcedview.sets" type="string"></setting>
    <setting id="skin.forcedview.seasons" type="string"></setting>
    <setting id="colorbox_white" type="string">ffffff</setting>
    <setting id="skin.forcedview.tags" type="string"></setting>
    <setting id="autoscroll" type="string"></setting>
    <setting id="skin.forcedview.mixed" type="string"></setting>
    <setting id="widgetPath" type="string">special://skin/extras/playlists/RandomMovies.xsp</setting>
    <setting id="widgetTarget" type="string">videos</setting>
    <setting id="skin.forcedview." type="string"></setting>
    <setting id="skin.forcedview.games" type="string"></setting>
    <setting id="skin.forcedview.tvshows" type="string"></setting>
    <setting id="FallbackSourceFlag" type="string"></setting>
    <setting id="skin.forcedview.addons" type="string"></setting>
    <setting id="colorbox_main" type="string">main:fhls*-;0.45;0.9</setting>
    <setting id="skin.forcedview.movies" type="string"></setting>
    <setting id="colorbox_quality" type="string">4</setting>
    <setting id="SkinHelper.AutoCloseVideoOSD" type="string"></setting>
    <setting id="colorbox_black" type="string">000000</setting>
    <setting id="skin.forcedview.episodes" type="string"></setting>
    <setting id="posterhighlight" type="string"></setting>
    <setting id="skin.forcedview.actors" type="string"></setting>
    <setting id="skin.forcedview.playlists" type="string"></setting>
    <setting id="colorbox_desat" type="string">0.3</setting>
    <setting id="homebackgroundimage" type="string"></setting>
    <setting id="skin.forcedview.directors" type="string"></setting>
    <setting id="weather.icons.path" type="string">resource://resource.images.weathericons.outline-hd/</setting>
    <setting id="skin.forcedview.videos" type="string"></setting>
    <setting id="fanart.fallback" type="string"></setting>
    <setting id="skin.forcedview.artists" type="string"></setting>
    <setting id="skin.forcedview.images" type="string"></setting>
</settings>
