<settings version="2">
    <setting id="addon_tracking_atstart" default="true">false</setting>
    <setting id="addon_tracking_doit" default="true"></setting>
    <setting id="addon_tracking_interval" default="true">12</setting>
    <setting id="addon_tracking_lastscrap" default="true"></setting>
    <setting id="addon_tracking_verbose" default="true">false</setting>
    <setting id="addon_update_atstart">true</setting>
    <setting id="addon_update_doit" default="true"></setting>
    <setting id="addon_update_doitforce" default="true"></setting>
    <setting id="addon_update_verbose" default="true">false</setting>
    <setting id="adults_password" default="true"></setting>
    <setting id="autoplay" default="true">false</setting>
    <setting id="autoplay_channels_discarded" default="true"></setting>
    <setting id="autoplay_max_links" default="true">10</setting>
    <setting id="autoplay_one_link">true</setting>
    <setting id="block_size">1</setting>
    <setting id="channel_cinecalidad_dominio" default="true"></setting>
    <setting id="channel_documaniatv_rua" default="true"></setting>
    <setting id="channel_hdfull_dominio" default="true"></setting>
    <setting id="channels_link_main">true</setting>
    <setting id="channels_link_pyse" default="true">false</setting>
    <setting id="channels_list_order">true</setting>
    <setting id="channels_list_prefe_color" default="true">[COLOR gold]gold[/COLOR]</setting>
    <setting id="channels_list_status" default="true">0</setting>
    <setting id="channels_only_adults" default="true"></setting>
    <setting id="channels_only_anime" default="true"></setting>
    <setting id="channels_only_torrents" default="true"></setting>
    <setting id="channels_with_proxies" default="true"></setting>
    <setting id="chrome_last_version">89.0.4389.114</setting>
    <setting id="cliente_torrent" default="true">Seleccionar</setting>
    <setting id="colorear_enlaces_play">true</setting>
    <setting id="context_download_color" default="true">[COLOR orange]orange[/COLOR]</setting>
    <setting id="context_search_exact_color" default="true">[COLOR gold]gold[/COLOR]</setting>
    <setting id="context_search_similar_color" default="true">[COLOR yellow]yellow[/COLOR]</setting>
    <setting id="context_tracking_color" default="true">[COLOR blue]blue[/COLOR]</setting>
    <setting id="context_trailer_color" default="true">[COLOR pink]pink[/COLOR]</setting>
    <setting id="copy_log" default="true"></setting>
    <setting id="debug" default="true">0</setting>
    <setting id="descartar_anime" default="true">false</setting>
    <setting id="descartar_xxx" default="true">false</setting>
    <setting id="downloadpath" default="true"></setting>
    <setting id="httptools_timeout" default="true">15</setting>
    <setting id="label0" default="true"></setting>
    <setting id="label1" default="true"></setting>
    <setting id="list_info_order">3</setting>
    <setting id="list_languages_color" default="true">[COLOR red]red[/COLOR]</setting>
    <setting id="list_movie_color" default="true">[COLOR white]white[/COLOR]</setting>
    <setting id="list_qualities_color" default="true">[COLOR limegreen]limegreen[/COLOR]</setting>
    <setting id="list_show_year">3</setting>
    <setting id="list_tvshow_color" default="true">[COLOR white]white[/COLOR]</setting>
    <setting id="list_year_color" default="true">[COLOR gray]gray[/COLOR]</setting>
    <setting id="manto_cache" default="true"></setting>
    <setting id="manto_cookies" default="true"></setting>
    <setting id="manto_datos" default="true"></setting>
    <setting id="manto_descargas" default="true"></setting>
    <setting id="manto_params" default="true"></setting>
    <setting id="manto_preferidos" default="true"></setting>
    <setting id="manto_proxies" default="true"></setting>
    <setting id="max_buffer">5</setting>
    <setting id="max_connections">4</setting>
    <setting id="notification_beep" default="true">false</setting>
    <setting id="notification_d_ok" default="true">false</setting>
    <setting id="part_size">1</setting>
    <setting id="play_age_color" default="true">[COLOR deepskyblue]deepskyblue[/COLOR]</setting>
    <setting id="play_language_color" default="true">[COLOR red]red[/COLOR]</setting>
    <setting id="play_other_color" default="true">[COLOR white]white[/COLOR]</setting>
    <setting id="play_quality_color" default="true">[COLOR limegreen]limegreen[/COLOR]</setting>
    <setting id="play_server_color" default="true">[COLOR gold]gold[/COLOR]</setting>
    <setting id="preferencia_idioma_esp">1</setting>
    <setting id="preferencia_idioma_lat">2</setting>
    <setting id="preferencia_idioma_vos">3</setting>
    <setting id="proxies_auto">true</setting>
    <setting id="proxies_help">true</setting>
    <setting id="proxies_limit">true</setting>
    <setting id="proxies_list" default="true">false</setting>
    <setting id="proxies_maximo">true</setting>
    <setting id="proxies_paises" default="true">false</setting>
    <setting id="proxies_provider">10</setting>
    <setting id="proxies_tipos" default="true">false</setting>
    <setting id="proxies_validos">true</setting>
    <setting id="search_channels_prefered" default="true"></setting>
    <setting id="search_extra_main" default="true">false</setting>
    <setting id="search_limit_by_channel" default="true">2</setting>
    <setting id="search_multithread">true</setting>
    <setting id="search_no_channels" default="true">false</setting>
    <setting id="search_no_channels_actives" default="true"></setting>
    <setting id="search_no_channels_with_proxies" default="true"></setting>
    <setting id="search_no_proxies" default="true">false</setting>
    <setting id="search_no_results" default="true">false</setting>
    <setting id="search_only_prefered" default="true">false</setting>
    <setting id="search_show_last">true</setting>
    <setting id="servers_discarded" default="true"></setting>
    <setting id="servers_preferred" default="true"></setting>
    <setting id="servers_sort_quality" default="true">0</setting>
    <setting id="servers_unfavored" default="true"></setting>
    <setting id="show_changelog" default="true"></setting>
    <setting id="show_channels_list" default="true"></setting>
    <setting id="show_clients_torrent" default="true"></setting>
    <setting id="show_dev_notes" default="true"></setting>
    <setting id="show_help_adults" default="true"></setting>
    <setting id="show_help_faq" default="true"></setting>
    <setting id="show_help_proxies" default="true"></setting>
    <setting id="show_help_search" default="true"></setting>
    <setting id="show_help_settings" default="true"></setting>
    <setting id="show_help_tips" default="true"></setting>
    <setting id="show_help_tmbdblist" default="true"></setting>
    <setting id="show_help_torrents" default="true"></setting>
    <setting id="show_help_tracking" default="true"></setting>
    <setting id="show_help_tracking_update" default="true"></setting>
    <setting id="show_help_use" default="true"></setting>
    <setting id="show_last_fix" default="true"></setting>
    <setting id="show_log" default="true"></setting>
    <setting id="show_servers_list" default="true"></setting>
    <setting id="show_version" default="true"></setting>
    <setting id="tmdb_cache">true</setting>
    <setting id="tmdb_cache_expire">4</setting>
    <setting id="tmdb_clean_db_cache" default="true"></setting>
    <setting id="tmdb_disabled" default="true">false</setting>
    <setting id="tmdb_drop_db_cache" default="true"></setting>
    <setting id="tmdb_plus_info" default="true">false</setting>
    <setting id="tmdb_threads" default="true">20</setting>
    <setting id="tracking_confirm_tmdbid" default="true">false</setting>
    <setting id="tracking_current_dbname" default="true">default</setting>
    <setting id="tracking_order_episodes">1</setting>
    <setting id="tracking_order_movies" default="true">0</setting>
    <setting id="tracking_order_tvshows" default="true">0</setting>
    <setting id="tracking_perpage_episodes" default="true">10</setting>
    <setting id="tracking_perpage_movies" default="true">10</setting>
    <setting id="tracking_perpage_tvshows" default="true">10</setting>
    <setting id="tracking_viewmode_episodes" default="true">0</setting>
    <setting id="tracking_viewmode_movies" default="true">0</setting>
    <setting id="tracking_viewmode_seasons" default="true">0</setting>
    <setting id="tracking_viewmode_tvshows" default="true">0</setting>
    <setting id="tracking_weberror_dialog">true</setting>
    <setting id="ver_stable_chrome">true</setting>
    <setting id="xxx_password" default="true"></setting>
</settings>
